Pot_ID,Experiment,Block,Treatment,System,corn_height_1_cm,corn_height_2_cm,corn_height_3_cm,corn_greenness_1to3,Notes
M1-P-C,Main,1,Poor,Corn,45,40,68,1,
M1-P-T,Main,1,Poor,Three Sisters,34,,,2,
M1-R-C,Main,1,Rich,Corn,140,91.5,79,3,
M1-R-T,Main,1,Rich,Three Sisters,47,,,3,
M2-P-C,Main,2,Poor,Corn,60,40,45,1,
M2-P-T,Main,2,Poor,Three Sisters,31,,,1,
M2-R-C,Main,2,Rich,Corn,68,105,100,3,
M2-R-T,Main,2,Rich,Three Sisters,86,,,2,
M3-P-C,Main,3,Poor,Corn,48,55,56,1,
M3-P-T,Main,3,Poor,Three Sisters,42,,,1,
M3-R-C,Main,3,Rich,Corn,90,68,59,3,
M3-R-T,Main,3,Rich,Three Sisters,46,,,2,
H1-D-C,Heat Wave,1,Drought,Corn,41,28,42,1,
H1-D-T,Heat Wave,1,Drought,Three Sisters,38,,,1,
H1-W-C,Heat Wave,1,Watered,Corn,50,48,47,2,
H1-W-T,Heat Wave,1,Watered,Three Sisters,77,,,2,
H2-D-C,Heat Wave,2,Drought,Corn,85,32,65,3,
H2-D-T,Heat Wave,2,Drought,Three Sisters,43,,,2,
H2-W-C,Heat Wave,2,Watered,Corn,42,100,54,2,
H2-W-T,Heat Wave,2,Watered,Three Sisters,31,,,,dead
H3-D-C,Heat Wave,3,Drought,Corn,77,91,83,1,
H3-D-T,Heat Wave,3,Drought,Three Sisters,56,,,2,
H3-W-C,Heat Wave,3,Watered,Corn,54,63,40,3,
H3-W-T,Heat Wave,3,Watered,Three Sisters,45,,,2,