Pot_ID,Experiment,Block,Treatment,System,bean_climb_height_cm,bean_band_len_node1_to4_cm,bean_max_node_number,bean_greenness_1to3,Notes
M1-P-B,Main,1,Poor,Bean,21,8,10,1,
M1-P-T,Main,1,Poor,Three Sisters,19,8.75,9,2,
M1-R-B,Main,1,Rich,Bean,19.5,6.25,11,3,
M1-R-T,Main,1,Rich,Three Sisters,21,5.75,11,3,
M2-P-B,Main,2,Poor,Bean,17,10.5,8,1,
M2-P-T,Main,2,Poor,Three Sisters,16,7.75,7,2,
M2-R-B,Main,2,Rich,Bean,20,8,15,2,
M2-R-T,Main,2,Rich,Three Sisters,68,4.75,13,2,
M3-P-B,Main,3,Poor,Bean,42,5.75,12,3,
M3-P-T,Main,3,Poor,Three Sisters,20.5,7.5,10,2,
M3-R-B,Main,3,Rich,Bean,32,7,17,2,
M3-R-T,Main,3,Rich,Three Sisters,43.5,5,11,3,
H1-D-T,Heat Wave,1,Drought,Three Sisters,17,7.25,14,3,
H1-W-T,Heat Wave,1,Watered,Three Sisters,11,,,,dead/ ripped out 
H2-D-T,Heat Wave,2,Drought,Three Sisters,26,5.75,13,,
H2-W-T,Heat Wave,2,Watered,Three Sisters,37,4.75,9,,
H3-D-T,Heat Wave,3,Drought,Three Sisters,25.5,6.75,10,,
H3-W-T,Heat Wave,3,Watered,Three Sisters,37,11.5,8,,