Pot_ID,Experiment,Block,Treatment,System,S1_leaf_L_cm,S1_leaf_W_cm,S2_leaf_L_cm,S2_leaf_W_cm,S3_leaf_L_cm,S3_leaf_W_cm,squash_greenness_1to3,# of fruit,Notes
M1-P-S,Main,1,Poor,Squash,5,6.9,4.7,5.5,5.7,5.8,1,0,
M1-P-T,Main,1,Poor,Three Sisters,4.5,6.6,3.6,3.4,2.3,3,1,0,
M1-R-S,Main,1,Rich,Squash,14.5,20.5,15,19,15,19.5,3,0,
M1-R-T,Main,1,Rich,Three Sisters,13.7,17,13.2,17.4,13,17.3,3,1,
M2-P-S,Main,2,Poor,Squash,6.5,7,5,6.5,5.5,6.5,1,0,
M2-P-T,Main,2,Poor,Three Sisters,6.3,5.2,2.3,3.1,2.5,3,1,0,
M2-R-S,Main,2,Rich,Squash,17,22.8,17,21.3,16.5,22,2,2,
M2-R-T,Main,2,Rich,Three Sisters,12.3,17.5,14,22,12.8,16.9,2,2,
M3-P-S,Main,3,Poor,Squash,7.2,8.5,6.3,8.2,6.9,7.9,1,0,
M3-P-T,Main,3,Poor,Three Sisters,3,3.8,3,3,3.1,3,2,0,
M3-R-S,Main,3,Rich,Squash,15.8,20,15.8,21.5,16.9,22.3,2,1,
M3-R-T,Main,3,Rich,Three Sisters,16,21.8,15,20,15.7,20.9,3,3,
H1-D-T,Heat Wave,1,Drought,Three Sisters,7.1,9.3,6.5,7,5.4,5.5,1,0,
H1-W-T,Heat Wave,1,Watered,Three Sisters,6.5,8.6,7.2,9,6.2,8.1,2,0,
H2-D-T,Heat Wave,2,Drought,Three Sisters,12.2,14,12.5,14,12,14.9,1,0,
H2-W-T,Heat Wave,2,Watered,Three Sisters,5.5,7,4.9,6.8,4,4.7,2,0,
H3-D-T,Heat Wave,3,Drought,Three Sisters,4.1,5,3.2,3.3,2.1,2.6,2,0,
H3-W-T,Heat Wave,3,Watered,Three Sisters,4,4.5,3.4,3.7,3,3.7,2,0,